{
    "threshold": 0.3,
    "accuracy": 0.60005,
    "precision": 0.6001702468579441,
    "recall": 0.9988333333333334,
    "f1_score": 0.7498045103374934,
    "confusion_matrix": [
        [
            15,
            7985
        ],
        [
            14,
            11986
        ]
    ]
}